{
  "project_info": {
    "project_number": "766689340599",
    "firebase_url": "https://amplify-e63eb.firebaseio.com",
    "project_id": "amplify-e63eb",
    "storage_bucket": "amplify-e63eb.appspot.com"
  },
  "client": [
    {
      "client_info": {
        "mobilesdk_app_id": "1:766689340599:android:1622bc52b81a47f375b132",
        "android_client_info": {
          "package_name": "com.tekhnical.amplify"
        }
      },
      "oauth_client": [
        {
          "client_id": "766689340599-0njv2b9m1djvar4fh12g17ek87fjl9om.apps.googleusercontent.com",
          "client_type": 3
        }
      ],
      "api_key": [
        {
          "current_key": "AIzaSyAL2V5JCM3S6zMIRaRYOTM2xS6e1st-Uek"
        }
      ],
      "services": {
        "appinvite_service": {
          "other_platform_oauth_client": [
            {
              "client_id": "766689340599-0njv2b9m1djvar4fh12g17ek87fjl9om.apps.googleusercontent.com",
              "client_type": 3
            }
          ]
        }
      }
    }
  ],
  "configuration_version": "1"
}